 speed bin,sector bin,,,,,,,,,,,,,,,,,,,,,,,,,,,,,,,,,,,,,,,,,,,,,,,,
,0,7.5,15,22.5,30,37.5,45,52.5,60,67.5,75,82.5,90,97.5,105,112.5,120,127.5,135,142.5,150,157.5,165,172.5,180,187.5,195,202.5,210,217.5,225,232.5,240,247.5,255,262.5,270,277.5,285,292.5,300,307.5,315,322.5,330,337.5,345,352.5,
0.25,5.6,5.7,3.4,2.3,0,3.4,1.1,1.1,2.3,2.2,1.1,2.3,6.9,3.4,3.4,2.2,2.3,1.1,5.7,1.1,0,0,3.4,1.1,0,2.3,3.4,2.3,1.1,0,1.1,3.4,2.2,6.8,3.4,3.4,3.4,4.6,1.1,2.3,4.5,3.4,0,3.4,6.8,3.4,3.4,2.3,
0.75,7.9,11.3,13.6,6.8,10.1,10.2,9.1,6.8,11.2,8,10.1,7.9,12.5,10.2,9.1,14.7,10.1,1.1,2.2,6.8,4.5,11.4,6.8,4.5,9.1,13.5,9,11.2,5.7,12.6,8,6.8,13.5,7.9,13.4,10,11.2,5.7,11.4,9.1,10.1,12.4,5.7,18.2,15.8,9,7.9,11.3,
1.25,11.3,14.7,10.2,13.5,19.5,12.6,14.7,10.1,6.8,18,21.6,9.1,15.7,28.2,11.4,14.7,21.3,14.7,14.7,14.6,4.5,11.4,13.5,11.4,9,9,11.3,13.6,14.8,17,12.4,21.2,16.9,10.2,10.2,15.9,21.5,17,9.1,16.9,19.3,20.4,13.5,7.9,20.2,21.4,11.3,28.2,
1.75,10.1,13.5,15.9,10.2,19.4,15.8,20.3,26.2,23.7,26,14.9,15.8,27.3,31.6,23.6,12.5,18.1,25,21.3,19.3,22.7,23.6,16.9,28.4,28.1,15.9,15.6,28.4,22.6,26.1,17,21.3,20.3,23.7,18,7.9,19.3,21.5,27,18.2,27,22.6,27,20.2,20.4,20.2,26.7,24.8,
2.25,13.6,21.5,21.5,22.7,28.3,18.1,23.7,18.1,17.8,20.3,20.5,18.2,23.6,27.2,27.3,33.8,21.3,23.8,18.2,18.1,23.7,23.9,29.6,31.7,28.5,29.4,30.4,23.9,35.3,38.4,25.7,26.2,23.8,24.8,30.3,29.2,27.1,37.6,30.4,38.3,33.9,43.8,24.7,24.8,24.7,21.6,21.4,26.3,
2.75,20.4,30.5,28.4,27.1,23.8,38.5,36.2,23.7,25,19.2,28.1,23.7,23.6,28.4,32.9,26,28.1,28.3,16.9,21.3,26,23.9,27.3,31.7,25.9,26,26,32.8,36.3,22.8,43.9,35.1,29.5,32.6,26.9,45.1,44.7,28.3,40.7,45.9,45,39.8,30.5,34.9,38.5,43,36,21.6,
3.25,26.2,27.3,26.1,40.8,34,48.9,40.9,39.8,30.4,24.7,32.9,37.3,44.3,42,32.7,29.8,38.5,43.1,29.2,31.5,35.1,33.7,43.1,28.2,33.7,36.1,42.8,44.8,48.4,36.2,47.4,53.1,35,49.5,34.9,29.2,42.9,30.2,27.1,43.7,39.3,50.8,48.6,54.3,43,40.9,48.8,32.9,
3.75,36.2,33.9,42.9,39.6,18.3,32.7,45.5,29.2,38.5,38.4,28.5,34,38.2,29.4,39.4,31.8,24.9,33.9,36.4,32.6,36.9,34.9,24.8,33.8,37.3,50.2,36.1,44.9,52.2,47.2,39.6,58.8,49.3,57.6,53,32.8,40.6,27,56.4,45.9,34.6,52.8,54.3,46.6,62.5,48.7,64.8,45.5,
4.25,47.7,42.8,32.9,40.9,39.6,34.1,51.8,41.8,42.8,31.6,30.1,37.3,40.8,46.1,42.9,29.5,34.9,27.1,26,44.5,42.9,56.3,46.5,38.6,46.1,65.9,54.2,57.4,55.4,62.4,66.9,51.2,67.9,51.9,49.7,58.4,44,44.1,46.3,60.9,59.6,53.1,40.5,56.6,46.6,65.8,51,45.2,
4.75,44.2,41.9,38.4,32.8,48.5,69.2,53.1,44.1,40.8,40.7,35.9,44.9,49.9,57.8,52.1,41.9,34.8,43.1,54.3,59.4,57.6,49.6,52,56.3,60.6,63.5,74.5,66.7,73.5,81.5,48.8,68.3,56.5,83.3,48.2,53,43.9,68.9,64.3,59.6,72.9,55.3,76.2,81.7,64.2,63.2,52.9,36.1,
5.25,67.4,48.5,54.6,45.3,45.1,64.3,60.6,40.7,38.3,45.4,47.7,60.1,43.7,60,45.2,47.8,51.9,62.5,53.2,53,44.8,65.6,68.9,64.2,55.2,75.8,76.4,80.6,75.9,77.2,56.7,72.4,85.7,73.1,63.4,76.9,76.2,70.4,66.5,72.4,62.8,66.5,66,89.2,69.2,61.4,47.3,56.2,
5.75,61.2,55.3,52.1,73.7,46.4,55.2,56.1,50.5,57.4,37.4,35.3,40.9,49.9,46.3,47.3,31.8,57.5,81.5,62.4,57.7,69.4,52.2,65.3,68.9,82.4,76.6,58.9,105,88.2,79.4,79.4,96.5,73.1,71,59.6,87.1,64.5,88.3,75.9,69.9,66.5,61.2,70.3,95.1,68.3,59,63,72.4,
6.25,87.8,62.3,54.3,60,45.3,60.8,42.8,46.5,72.2,76.9,45.7,43.4,44.4,68.8,67.9,70,47.2,72.3,55.5,65.4,79.7,83,82.7,68.4,93.7,80.2,95,92.5,71.1,95.4,73.4,95,75.7,84.3,58.7,105.6,98.1,83.8,89,67.5,67.6,79.3,70.2,89.1,69.4,82.5,49.2,78.1,
6.75,59.8,64.4,62,49.4,55.8,64.2,51.5,58.7,71.9,51.8,49.1,45.6,46.4,74,72.2,69.7,59.2,52.9,63.5,61,81.9,75.8,73.7,91.6,89.9,85.1,83.7,95.8,120.1,80.8,92.6,98.3,74.7,85.5,89.2,106.1,103.6,108,92.3,91.8,78.5,85.5,66.5,71.2,92.8,97.2,57.5,73.2,
7.25,59.1,68.9,50.9,57.3,81.8,58.8,46.1,40.5,75.1,59.7,48.6,53.1,60.1,47,58.6,79.1,70.3,58.5,68.3,63.9,76.4,89.1,100.2,81.1,101.6,103.7,88.1,100.7,96.4,92.1,77.2,96.3,99,113.7,89.2,118.2,116.1,110.6,96,96.2,90,75.1,74.2,84.5,77.3,101.9,97.2,63.8,
7.75,63.3,53.8,59,57.5,71.9,47.3,39.3,56.2,44.7,51.7,55.3,72.2,46.4,49.6,73.3,63.5,69,81.5,80.5,69.8,73.2,82.2,88.4,108.6,99.9,126,97,91.2,104.6,104.6,97.7,113.8,77,113,130,131.4,98.1,90.4,93.7,95.5,88.5,85.3,76.8,54.4,55.6,71.3,89.3,53,
8.25,53,64.2,80.8,59.8,83,74.6,47.5,46.6,54.8,68.1,71.7,56.4,53.3,60.9,85.2,74,65.2,89,54,70.5,77.6,80.4,85.6,100.5,100.4,108.5,106.3,110.8,117,111,100.6,105.5,134.5,123.4,112.6,122.5,98.4,101.2,68.1,82.4,82.6,84.3,110.1,65.4,61.9,74.8,93.8,68.9,
8.75,98.3,58.4,78.7,76.9,81.2,65.3,35.8,53.3,66.6,73,58.5,54.3,66,107.8,77,71.7,85.9,77.2,58.7,58,49.5,79.6,99.4,103.3,90.4,109.4,94.6,96,105.1,118,126.1,123.1,120.8,119.9,130.8,115.6,113.9,115.3,96.1,86.7,91,96.9,113.4,59.2,78,88.4,75,62.9,
9.25,77.8,93.6,54.5,45.9,69.1,69.1,75.5,80.4,77.8,69.2,74.1,58.3,55.7,71.5,103,65,66.4,79.9,60.8,49.3,55.5,74.9,103,78.4,113.8,101.1,103.8,82.8,128.1,114.9,137.2,152.2,128.8,142.1,133.1,111.5,111.5,138.2,137.9,111.8,90.2,79.1,85.9,68.4,89.9,88.6,83.9,61,
9.75,67.4,54.1,61.5,57.8,50,65.4,54.8,36,49.2,64,56.6,62.7,57,71.5,87.3,60.7,58.7,58.2,53,47.3,43.2,83.6,82.6,82.4,88,98.4,117.7,106.5,121.4,126.6,118.7,134.7,117.7,138.7,108.4,102.5,121.3,122.4,153,109.9,89.8,98.3,81.8,91,96.3,68,70.3,77,
10.25,55.4,34.8,55.7,46.2,40.8,57.4,41.5,38.1,50.4,47.7,39.6,34,43,71,75.2,79.4,44.8,57.5,55.4,47.2,46.4,69.1,108,101.7,92.4,106.8,114.6,114.9,133.9,122.9,129.1,133.3,148.7,126.5,122,110,137,120.1,138.3,104.1,96.8,98,93.8,102.7,86.8,113.3,74.8,57.5,
10.75,56,40.6,48.7,53,42.6,61.1,60.4,41.4,36.7,60.2,48.3,43.2,40.4,67.7,53.6,58.8,36.4,49.6,59.2,42.5,41.9,82.1,106.4,87,105.9,111,118.3,164.8,125.2,117.8,154.7,141.2,115.3,109.5,110.8,109.6,110.1,109.7,124.9,106.7,93.7,85.9,96.1,76.5,91.5,72.6,97.2,60,
11.25,48.5,33.8,43,36.2,34,63.2,43.1,51.9,43.9,51.6,59.2,44.1,44.8,40.6,47.6,43.7,26.9,57.4,48.6,42.3,39.3,61.4,82.5,97.3,93.4,104.5,117.8,139.1,148.5,124,142.9,157.3,133.6,113.5,99,118.6,117.9,109.9,112.6,96.5,102.1,95,69.8,80.6,100.8,92.8,75.7,65.8,
11.75,39.7,38.3,27.2,33.7,36.2,75.3,57.8,59.8,58.4,44.7,48.4,48.8,48.3,47.1,53.1,55.2,40.4,39.5,41.8,30.4,39.7,62.4,69.6,95.1,106.1,102.5,110.4,125.5,123.3,147.2,145.3,109.2,128.2,84.8,98.4,103.9,99.4,97.1,76.3,106.8,95,88.3,83.6,64.1,85,93.7,75.6,69.2,
12.25,38.2,35.6,31.7,30.5,39.9,52.7,43.9,37,30.1,36.7,55.7,37.1,52.5,38,34.8,29.4,45.1,41.6,50.2,44.1,44.1,47.5,57.9,69.9,78.9,82.6,97.9,133.5,129.9,138.3,116.6,121.6,120.1,106.2,103.5,108.6,121.1,87.1,95.5,83.6,91.6,98.8,72.1,69.1,69.8,91.3,64.3,57.7,
12.75,38.6,25.7,31.6,31.7,40.1,31,39,31.1,37.4,42.3,27.1,23.5,33.5,29.9,22.8,44.4,40.9,63.3,42.5,28.2,33.7,55.3,61.3,63.2,90.5,80.3,110.6,127.4,95,135.2,115.4,128.3,114.4,106.1,115.2,99.5,96.9,96,94.4,70.6,97.1,92.5,85.6,84.8,60.5,72.2,69.6,54.5,
13.25,42.9,34.7,18,25.6,19.1,21.1,26.8,30,28.8,24.8,26.1,41.3,29.9,17.6,40.5,28.4,42.8,45.1,47.2,29.2,39.6,54.7,80.7,93.9,99.8,75.7,85.3,117.1,96.5,106.8,140.4,126.6,116.7,106.3,91.8,111.1,80.4,77.7,79.6,51.5,68.6,99.1,85.3,60.4,57.1,86.8,75.9,40.4,
13.75,48.5,38.3,26.1,34.9,25.9,13.5,28.6,17.9,15.1,22.6,26.3,24.8,31,8.7,18.9,19.4,41.7,42.9,23.4,27.9,25.9,34,56.3,70.4,71,71.2,65.3,76.9,86.9,130.2,113.3,138.6,90.6,97.6,103,75.5,67.8,63.9,65.8,59.4,56.4,54,68.6,54.7,51,64.3,53.6,71.5,
14.25,34.8,34.1,30.5,17.6,12.3,11.4,31.5,11.2,19.1,15.7,30.4,25,35,11.2,24.8,21.7,34.8,41.2,27,20.3,36.4,37.3,48.9,58.8,65.8,76.9,73.3,80.7,86.1,114.3,102.8,108.3,99,102.4,94.6,81.8,86.4,63.5,59.1,71.6,56,79.8,59.7,63.4,50.5,59.9,54,55.1,
14.75,28.4,40.7,22.4,21.2,9.1,9,16.8,7.8,21.1,19.8,18.2,18.1,28.4,14.7,33,27.3,21.4,33.7,31.6,28.2,35.3,46,41.5,48.6,59.8,55.3,50.9,81.1,90.4,86.9,107.5,92.8,100.3,95.3,93.4,89.2,81.8,50.5,58.8,66.3,57.3,59.4,54,59.2,37.5,55.2,61.4,56.3,
15.25,24.8,34.6,20.2,11.3,9.1,14.8,23.2,17.7,22.9,25.6,23.7,28.1,14.7,14.7,30.6,20.5,46.1,41.9,24.9,9.1,18.2,30.6,45.3,50.8,66.7,57.4,50.8,68.5,82.6,93.5,81.2,94,110.6,74,97.6,62.1,65.9,49,58,60.7,51.6,37.2,44.8,47.1,44.5,41.8,47.1,41.2,
15.75,31.7,15.8,14.8,6.8,9.1,4.6,14.5,8.9,13.2,10,26.9,22.5,14.8,14.7,26,23.9,28.8,36.3,14.8,13.6,13.5,35,37,44,55.7,60,52.2,62.9,73.6,93.9,82.2,98.1,85.2,58.5,67.9,74.3,49.6,72,60.6,47.7,39.6,35,58.3,51.5,38.1,37.3,48.8,26.8,
16.25,27,16.7,8.9,19.4,6.9,17.1,9.1,9,15.5,11.4,32.8,37.6,10.3,18.2,15.9,12.3,35.2,20.4,20.6,7.9,13.5,24.9,36.1,37.5,56.7,35,39.2,54.9,69.8,72.1,86.7,89.4,79.9,67.4,69.7,78.4,72.5,58.4,52.8,44.2,23.9,32.7,48.2,50.5,31.6,36.2,34.6,29.5,
16.75,20.5,11.3,4.6,10.1,8,20.6,4.6,4.6,8.9,3.4,28.5,23.9,20,11.4,26.1,14.5,25.6,13.6,13.7,22.7,16,15.9,23.8,30.7,25.9,29.4,39.7,46.2,52.1,59.6,98.9,91.4,67.1,78.2,72.2,56.1,51.4,59.9,41.8,31.9,28.4,24.8,32.5,37,19.2,29.2,38.3,16.7,
17.25,29.6,15.8,8,1.1,3.3,18.3,3.4,16.4,8.7,3.4,10.3,15.8,28.1,20.5,18.1,11.4,14.7,15.7,8,6.8,19.3,11.4,16.9,37.4,25.8,24.9,26,36,49.5,57.9,80.2,75.5,67,63.8,50.5,52.5,47.4,49.6,21.3,25,23.8,19.2,35.7,40.2,32.7,25.9,24.6,30.4,
17.75,13.4,10.2,1.1,2.3,5.7,5.6,6.8,8.8,18.7,5.7,9.2,13.5,14.3,10,10,10.2,14.7,3.4,14.6,6.8,11.4,10.3,14.5,28.5,37.3,31.7,24.7,29.4,36.4,47.5,72.6,61,67.3,42.6,51.5,44.9,50.8,35.2,31.2,23.8,22.2,24.8,36.7,23.4,26.5,17.9,22.3,22.5,
18.25,10.2,8.9,3.4,3.4,4.5,1.1,6.8,7.6,12.3,3.4,9.2,7.9,6.5,5.7,19.9,2.2,13.6,12.6,11.4,1.1,6.8,12.5,5.6,26.7,29.4,19.3,32.8,33,29.2,51.8,70.4,75.6,65.5,60.8,57,48.9,50.5,31.5,25.7,18.3,19.1,29.6,34.8,30.7,25.9,18.1,23.6,28.1,
18.75,14.5,6.8,6.9,3.4,3.4,0,4.2,2.2,6.8,8,8,9,5.6,9,16.4,5.5,6.7,3.4,14.8,4.5,6.8,4.6,12.5,14.7,17,20.3,20.4,38.5,31.7,46.2,63.6,51.6,44.9,45.8,41.5,30.1,43.7,40.4,30.4,15.9,14.6,19,28.9,23.3,33.8,20.1,31.4,20,
19.25,6.7,5.7,4.6,3.4,2.2,0,1.1,1.1,4.5,2.3,5.7,4.6,0,0,16.8,3.4,3.4,6.9,8,6.8,6.8,9.1,6.9,17.1,19.2,21.5,36,30.1,24.4,35.2,43.6,47.2,46.4,37.6,32.5,19.9,20.4,35.2,22.4,13.5,15.8,12.3,28.6,16.6,18.9,21.1,18.9,12,
19.75,9.9,5.6,1.1,1.1,1.1,0,0,1.1,0,1.1,3.4,0,1.1,0,3.2,2.3,1.1,4.6,4.6,2.3,9.1,12.6,8,20.1,18.2,14.5,28.2,21,23.6,48.6,53.8,40.3,33.7,49.1,35.1,24.4,19,27,17,20.1,7.7,5.6,25.7,11.2,12.3,12.4,14.7,16.5,
20.25,0,5.6,5.7,0,1.1,0,0,1.1,0,0,5.7,0,1.1,0,1.1,3.4,2.3,3.4,9.1,6.8,5.6,10.3,4.6,14.7,10.1,21.7,27.2,18.1,22.2,48.6,47.1,43.4,30.4,32.3,39.2,28.1,19.2,38.5,20.2,16.8,15.8,8.8,14.5,7.7,24.8,9,15.9,14.6,
20.75,2.2,0,1.1,2.2,0,0,1.1,0,0,3.4,1.1,0,0,0,1.1,1.1,4.6,1.1,0,4.5,1.1,3.4,4.6,12.3,13.4,14.8,14.8,11.3,47.7,41,38.1,45.6,16.7,20.2,19,32.3,22.4,26,19.9,11.3,6.8,11.3,3.4,7.8,20.2,12.4,4.5,6.7,
21.25,5.6,0,0,0,1.1,0,0,1.1,0,0,0,0,1.1,0,2.1,1.1,2.3,0,1.1,9.1,3.3,1.1,11.2,18,9.1,13.3,12.4,12.5,38.5,42.1,29.8,34.9,26.4,30.1,23.7,23.9,22.2,24.8,17.9,4.6,13.6,7.8,4.6,4.6,14.3,13.4,4.5,4.5,
21.75,1.1,0,2.1,1.1,1.1,0,0,1.1,0,0,0,0,0,1.1,4.3,0,0,0,0,2.3,1.1,6.9,6.9,10.1,6.8,8.9,18,11.4,23.9,30.4,21.2,21.4,20.3,20,14.4,12.1,14.3,28.1,11.1,11,6.8,9.9,5.7,11.3,13.6,2.1,3.4,2.3,
22.25,1.1,0,0,1.1,1.1,0,1.1,1.1,0,0,0,0,0,6.4,2.1,0,0,0,2.3,0,3.4,2.3,4.6,5.6,7.9,15.7,10.3,11.2,18.1,24.8,21.3,27,22.3,21.9,16.8,11.2,22.7,15.6,6.6,5.7,7.8,3.4,12.4,11.2,6.9,4.3,5.7,4.5,
22.75,1.1,0,0,1.1,1.1,0,3.4,1.1,0,0,0,0,0,0,0,0,0,0,0,0,1.1,3.4,5.7,5.6,6.7,10.1,7.9,10,12.6,26.9,21.9,18.1,12.4,12.1,7.8,6.7,13.1,10,10,2.2,2.2,0,6.9,5.4,9,4.3,5.6,2.1,
23.25,0,0,1.1,1.1,0,0,1.1,0,0,0,0,0,0,0,0,0,0,0,0,0,2.3,4.5,5.5,10.2,5.6,9.1,7.8,8,20.1,15.9,16.3,21.5,10.7,11.3,11.1,6.6,10.9,2.2,5.5,0,2.3,0,2.3,6.8,5.7,0,2.3,1.1,
23.75,0,0,0,0,0,0,1.1,0,0,0,0,0,0,0,0,0,0,0,0,0,0,1.1,1.1,10,5.6,5.7,6.8,6.8,12.5,12.6,10.1,17,5.5,4.5,6.8,9.7,6.7,5.4,4.6,0,2.2,3.2,0,8,3.4,2.3,0,0,
24.25,1.1,0,0,0,0,1.1,1.1,0,0,0,0,0,0,0,0,0,0,0,0,0,0,0,5.7,7.8,5.5,5.6,3.3,5.5,7.6,9.1,11.3,6.7,3.4,1.1,4.5,8.6,3.2,4.3,0,1.1,3.3,2.1,1.1,2.2,1.1,0,0,0,
24.75,0,0,0,0,0,2.3,1.1,0,0,0,0,0,0,0,0,0,0,0,0,0,0,0,3.4,5.7,2.3,0,3.4,0,7.5,5.7,3.4,5.7,5.6,5.4,6.6,8.9,2.2,0,1.1,2.3,0,2.1,0,5.7,1.1,0,0,0,
25.25,0,0,0,0,0,0,0,0,0,0,0,0,0,0,0,0,0,0,0,0,0,1.1,3.4,1.1,1.1,8.8,1.1,5.5,9.8,0,2.2,1.1,2.2,0,3.3,6.7,2.1,4.6,0,0,2.2,0,0,4.5,2.3,0,1.1,1.1,
25.75,0,0,0,0,0,0,0,0,0,0,0,0,0,0,0,0,0,0,0,0,1.1,0,0,1.1,1.1,3.4,0,4.6,11.9,4.4,3.3,4.6,0,0,1.1,4.5,3.3,1.1,2.3,1.1,0,1.1,0,0,1.1,0,0,0,
26.25,0,0,0,0,0,0,0,0,0,0,0,0,0,0,0,0,0,0,0,0,0,1.1,0,0,0,2.2,3.4,2.3,1.1,2.2,1.1,5.5,2.2,0,2.1,5.5,3.4,0,1.1,0,1.1,0,0,1.1,1.1,0,0,1.1,
26.75,0,0,0,0,0,0,0,0,0,0,0,0,0,0,0,0,0,0,0,0,0,1.1,0,1.1,2.3,1.1,2.1,0,0,1.1,0,0,1.1,1.1,6.7,0,4.3,0,0,0,0,0,0,1.1,0,0,0,0,
27.25,0,0,0,0,0,0,0,0,0,0,0,0,0,0,0,0,0,0,0,0,1.1,1.1,0,0,0,0,2.3,1.1,0,1.1,0,1.1,2.2,7.7,3.4,0,0,1.1,0,1.1,1.1,0,0,0,0,0,0,0,
27.75,0,0,0,0,0,0,0,0,0,0,0,0,0,0,0,0,0,0,0,0,1.1,1.1,0,0,2.3,1.1,0,1.1,1.1,0,0,0,1.1,2.1,2.2,1.1,0,1.1,1.1,0,0,1.1,0,0,0,0,0,0,
28.25,0,0,0,0,0,0,0,0,0,0,0,0,0,0,0,0,0,0,0,0,0,0,0,0,1.1,1.1,0,1.1,1.1,0,0,0,0,1.1,1.1,2.3,0,0,0,0,0,0,0,0,0,0,0,0,
28.75,0,0,0,0,0,0,0,0,0,0,0,0,0,0,0,0,0,0,0,0,0,0,0,0,0,0,0,0,1.1,0,0,0,1.1,0,0,0,0,0,0,0,0,0,0,0,0,0,0,0,
29.25,0,0,0,0,0,0,0,0,0,0,0,0,0,0,0,0,0,0,0,0,0,0,0,0,0,0,0,0,1.1,0,1.1,2.3,0,0,0,0,0,0,0,0,0,2.3,0,0,0,0,0,0,
29.75,0,0,0,0,0,0,0,0,0,0,0,0,0,0,0,0,0,0,0,0,0,0,0,0,0,0,0,0,0,0,0,0,0,0,0,0,0,0,0,0,0,0,0,0,0,0,0,0,
,1549.8,1360.2,1260.2,1219.8,1229.9,1389.7,1279.5,1159.4,1299.8,1270.1,1310.1,1280.3,1310.1,1419.9,1589.8,1389.7,1439.9,1589.8,1409.6,1289.7,1430,1790.3,2090.1,2309.8,2490,2580,2640,2979.9,3199.7,3440,3499.8,3670.4,3300,3209.9,3040,3029.9,2920.3,2810,2650.2,2400.3,2280.2,2310,2329.9,2240.5,2180,2240.2,2100.1,1810.4,100019.2
,,,,,,,,,,,,,,,,,,,,,,,,,,,,,,,,,,,,,,,,,,,,,,,,,
,0.003613369,0.00419056,0.002697984,0.001885555,0,0.002446571,0.000859711,0.000948767,0.001769503,0.001732147,0.000839631,0.001796454,0.005266774,0.002394535,0.002138634,0.001583075,0.001597333,0.000691911,0.0040437,0.000852912,0,0,0.001626716,0.000476232,0,0.000891473,0.001287879,0.000771838,0.000343782,0,0.000314304,0.00092633,0.000666667,0.002118446,0.001118421,0.001122149,0.001164264,0.001637011,0.000415063,0.000958214,0.001973511,0.001471861,0,0.001517518,0.003119266,0.001517722,0.001618971,0.001270437,0.0696772
,0.005097432,0.008307602,0.010791938,0.005574684,0.00821205,0.007339714,0.007112153,0.005865103,0.00861671,0.006298717,0.007709335,0.006170429,0.009541256,0.007183604,0.00572399,0.010577823,0.007014376,0.000691911,0.001560726,0.005272544,0.003146853,0.006367648,0.003253433,0.001948221,0.003654618,0.005232558,0.003409091,0.003758515,0.001781417,0.003662791,0.002285845,0.001852659,0.004090909,0.002461136,0.004407895,0.003300439,0.003835222,0.00202847,0.004301562,0.003791193,0.004429436,0.005367965,0.002446457,0.008123187,0.007247706,0.004017498,0.003761726,0.006241715,0.244868262
,0.007291263,0.010807234,0.008093953,0.011067388,0.015854948,0.009066705,0.011488863,0.008711402,0.005231574,0.014172112,0.016487291,0.007107709,0.011983818,0.019860554,0.007170713,0.010577823,0.014792694,0.009246446,0.01042849,0.011320462,0.003146853,0.006367648,0.006459021,0.004935492,0.003614458,0.003488372,0.004280303,0.004563912,0.004625434,0.00494186,0.00354306,0.005775937,0.005121212,0.003177669,0.003355263,0.005247698,0.007362257,0.006049822,0.003433703,0.007040787,0.00846417,0.008831169,0.00579424,0.003525999,0.009266055,0.009552719,0.005380696,0.015576668,0.38368392
,0.00651697,0.009925011,0.012617045,0.008362027,0.01577364,0.01136936,0.015865572,0.022597895,0.018233574,0.020470829,0.011373178,0.012340858,0.020838104,0.022255088,0.014844635,0.008994747,0.012570317,0.015725248,0.01511067,0.01496472,0.015874126,0.013182148,0.008085738,0.012295437,0.011285141,0.006162791,0.005909091,0.009530521,0.007063162,0.007587209,0.00485742,0.005803182,0.006151515,0.007383408,0.005921053,0.002607347,0.00660891,0.007651246,0.01018791,0.007582386,0.011841067,0.00978355,0.01158848,0.009015845,0.009357798,0.009017052,0.01271368,0.01369863,0.539495331
,0.008775326,0.015806499,0.017060784,0.018609608,0.023010001,0.013024394,0.01852286,0.015611523,0.013694415,0.015982993,0.01564766,0.014215418,0.018013892,0.019156279,0.017171971,0.024321796,0.014792694,0.014970437,0.012911464,0.014034272,0.016573427,0.013349718,0.014162002,0.013724132,0.011445783,0.011395349,0.011515152,0.008020403,0.011032284,0.011162791,0.007343277,0.007138187,0.007212121,0.007726097,0.009967105,0.009637282,0.009279869,0.013380783,0.011470832,0.015956339,0.014867117,0.018961039,0.010601313,0.011068958,0.011330275,0.009641996,0.010189991,0.014527176,0.648015084
,0.013162989,0.022423173,0.022536105,0.022216757,0.019351167,0.027703821,0.028292302,0.020441608,0.019233728,0.01511692,0.021448744,0.018511286,0.018013892,0.020001409,0.020694427,0.018709074,0.019515244,0.017800981,0.011989217,0.016515469,0.018181818,0.013349718,0.013061576,0.013724132,0.010401606,0.010077519,0.009848485,0.011007081,0.011344814,0.006627907,0.012543574,0.00956299,0.008939394,0.01015608,0.008848684,0.01488498,0.015306647,0.010071174,0.015357332,0.01912261,0.019735111,0.017229437,0.013090691,0.01557688,0.01766055,0.019194715,0.017142041,0.011931065,0.767656923
,0.016905407,0.020070578,0.020710998,0.033448106,0.027644524,0.035187451,0.031965612,0.034328101,0.023388214,0.019447288,0.025112587,0.029133797,0.033814213,0.029579548,0.020568625,0.021443477,0.026737968,0.027110328,0.020715096,0.024424285,0.024545455,0.018823661,0.020621023,0.012208849,0.013534137,0.013992248,0.016212121,0.015034062,0.015126418,0.010523256,0.013543631,0.014467088,0.010606061,0.015421041,0.011480263,0.009637282,0.014690272,0.010747331,0.010225643,0.018206058,0.01723533,0.021991342,0.020859264,0.024235662,0.019724771,0.018257298,0.023236989,0.018172779,0.975095535
,0.023357853,0.024922805,0.034042216,0.032464338,0.014879258,0.023530258,0.035560766,0.025185441,0.029619942,0.03023384,0.021754065,0.026556276,0.02915808,0.020705683,0.024782992,0.022882637,0.017292868,0.021323437,0.025822928,0.025277196,0.025804196,0.01949394,0.011865461,0.014633302,0.01497992,0.019457364,0.013674242,0.01506762,0.016314029,0.01372093,0.011314932,0.016020052,0.014939394,0.017944484,0.017434211,0.01082544,0.013902681,0.009608541,0.021281413,0.01912261,0.015174108,0.022857143,0.023305721,0.020798929,0.028669725,0.02173913,0.030855674,0.025132567,1.015290636
,0.030778165,0.031465961,0.026106967,0.033530087,0.03219774,0.02453767,0.040484564,0.036053131,0.032928143,0.024879931,0.022975345,0.029133797,0.031142661,0.032467075,0.026984526,0.021227603,0.024237794,0.017046169,0.018444949,0.034504148,0.03,0.031447243,0.022247739,0.016711404,0.018514056,0.025542636,0.020530303,0.019262391,0.017314123,0.018139535,0.019115378,0.013949433,0.020575758,0.016168728,0.016348684,0.019274564,0.015066945,0.01569395,0.01747038,0.025371829,0.026138058,0.022987013,0.01738272,0.025262218,0.021376147,0.029372377,0.024284558,0.024966858,1.161641455
,0.028519809,0.030804293,0.030471354,0.026889654,0.0394341,0.04979492,0.041500586,0.038036916,0.031389445,0.032044721,0.027402488,0.035069905,0.038088696,0.040707092,0.032771418,0.030150392,0.024168345,0.027110328,0.038521566,0.046057223,0.04027972,0.027704854,0.024879192,0.024374405,0.024337349,0.024612403,0.028219697,0.022383301,0.022970904,0.02369186,0.013943654,0.018608326,0.017121212,0.025950964,0.015855263,0.017492326,0.015032702,0.024519573,0.02426232,0.02483023,0.03197088,0.023939394,0.032705266,0.036465075,0.029449541,0.028211767,0.025189277,0.019940345,1.377875052
,0.043489483,0.035656521,0.043326456,0.037137236,0.036669648,0.046268979,0.047362251,0.035104364,0.029466072,0.035745217,0.036409434,0.046942123,0.033356232,0.042256497,0.028431249,0.034395913,0.03604417,0.039313121,0.037741203,0.041094828,0.031328671,0.036641904,0.03296493,0.027794614,0.022168675,0.029379845,0.028939394,0.027047888,0.023720974,0.02244186,0.016200926,0.019725371,0.025969697,0.022773295,0.020855263,0.025380376,0.02609321,0.025053381,0.025092446,0.030162896,0.027541444,0.028787879,0.028327396,0.039812542,0.031743119,0.027408267,0.022522737,0.031042863,1.523132858
,0.039488966,0.040655786,0.041342644,0.060419741,0.037726644,0.039720803,0.043845252,0.043557012,0.04416064,0.0294465,0.026944508,0.031945638,0.038088696,0.03260793,0.02975217,0.022882637,0.039933329,0.05126431,0.044267877,0.044739087,0.048531469,0.029157125,0.031242524,0.029829422,0.033092369,0.029689922,0.022310606,0.035236082,0.027565084,0.023081395,0.022687011,0.026291412,0.022151515,0.022119069,0.019605263,0.028746823,0.022086772,0.031423488,0.028639348,0.02912136,0.029164108,0.026493506,0.030172969,0.042445883,0.031330275,0.026336934,0.029998571,0.039991162,1.60133164
,0.056652471,0.045802088,0.043088399,0.049188392,0.036832263,0.04375045,0.033450567,0.040106952,0.055547007,0.060546414,0.034882833,0.033898305,0.033890543,0.048454116,0.042709775,0.050370584,0.032780054,0.045477419,0.039372872,0.050709467,0.055734266,0.046360945,0.039567485,0.029612954,0.037630522,0.031085271,0.035984848,0.03104131,0.022220833,0.027732558,0.020972627,0.025882738,0.022939394,0.0262625,0.019309211,0.034852635,0.033592439,0.029822064,0.033582371,0.028121485,0.029646522,0.034329004,0.030130048,0.039767909,0.031834862,0.036827069,0.023427456,0.043139638,1.778921935
,0.038585624,0.047345979,0.04919854,0.040498442,0.045369542,0.046197021,0.040250098,0.050629636,0.055316202,0.04078419,0.037478055,0.035616652,0.035417144,0.052116346,0.045414518,0.05015471,0.041113966,0.033274626,0.045048241,0.047297821,0.057272727,0.042339273,0.035261471,0.039657113,0.036104418,0.032984496,0.031704545,0.03214873,0.037534769,0.023488372,0.026458655,0.026781822,0.022636364,0.026636344,0.029342105,0.035017657,0.035475807,0.038434164,0.03482756,0.038245219,0.034426805,0.037012987,0.028541998,0.031778621,0.042568807,0.043388983,0.027379649,0.040433053,1.844989867
,0.038133953,0.050654316,0.040390414,0.046974914,0.066509472,0.04231129,0.036029699,0.034931861,0.05777812,0.047004173,0.037096405,0.041474654,0.045874361,0.033100923,0.036859982,0.056918759,0.048822835,0.036797081,0.048453462,0.049546406,0.053426573,0.049768195,0.04794029,0.035111265,0.040803213,0.040193798,0.033371212,0.03379308,0.030127824,0.026773256,0.022058403,0.026236922,0.03,0.035421664,0.029342105,0.039011188,0.039756189,0.039359431,0.036223681,0.040078324,0.039470222,0.032510823,0.03184686,0.037714796,0.035458716,0.04548701,0.04628351,0.035240831,1.928472464
,0.04084398,0.039553007,0.046817965,0.047138875,0.058460037,0.034036123,0.030715123,0.048473348,0.034389906,0.040705456,0.042210518,0.056393033,0.035417144,0.034932037,0.046106428,0.045693315,0.047919994,0.05126431,0.0571084,0.054121113,0.051188811,0.045914093,0.042294627,0.047017058,0.040120482,0.048837209,0.036742424,0.030605054,0.032690565,0.030406977,0.027915881,0.031004795,0.023333333,0.035203589,0.042763158,0.043367768,0.033592439,0.032170819,0.035355822,0.039786693,0.038812385,0.036926407,0.032962788,0.024280295,0.025504587,0.031827515,0.042521785,0.029275298,1.904722771
,0.034197961,0.047198941,0.064116807,0.04902443,0.067485161,0.053680651,0.037123877,0.040193203,0.042160332,0.053617825,0.054728647,0.044052175,0.040683917,0.042890344,0.053591647,0.053248903,0.045280922,0.055981885,0.03830874,0.054663875,0.054265734,0.044908675,0.040954978,0.043510261,0.040321285,0.042054264,0.040265152,0.037182456,0.036565928,0.032267442,0.0287445,0.028743461,0.040757576,0.038443565,0.037039474,0.040430377,0.033695168,0.036014235,0.025696174,0.034329042,0.036224893,0.036493506,0.047255247,0.029189913,0.028394495,0.033389876,0.04466454,0.038057888,2.022090348
,0.063427539,0.042934863,0.062450405,0.063043122,0.066021628,0.046988559,0.02797968,0.045972055,0.051238652,0.057475789,0.04465308,0.042411935,0.050377834,0.075920839,0.048433765,0.051593869,0.059656921,0.048559567,0.041643019,0.044971699,0.034615385,0.044461822,0.047557533,0.044722487,0.036305221,0.042403101,0.035833333,0.032215846,0.032846829,0.034302326,0.03603063,0.033538579,0.036606061,0.037353189,0.043026316,0.038153074,0.039002842,0.041032028,0.036261414,0.036120485,0.03990878,0.041948052,0.048671617,0.026422674,0.035779817,0.039460762,0.035712585,0.034743703,2.100791309
,0.050200026,0.06881341,0.043247104,0.03762912,0.05618343,0.049722962,0.059007425,0.069346214,0.059855362,0.054483899,0.056560568,0.045536202,0.042515838,0.050355659,0.064788024,0.046772685,0.046114313,0.050257894,0.043132804,0.038225944,0.038811189,0.041836564,0.049279939,0.033942333,0.045702811,0.039186047,0.039318182,0.027786167,0.040035003,0.033401163,0.03920224,0.04146687,0.039030303,0.044269292,0.043782895,0.036799894,0.038181009,0.049181495,0.052033809,0.046577511,0.039557934,0.034242424,0.036868535,0.0305289,0.041238532,0.03955004,0.039950479,0.033694211,2.14820465
,0.043489483,0.039773563,0.048801777,0.047384817,0.040653712,0.047060517,0.04282923,0.031050543,0.037851977,0.050389733,0.043202809,0.048972897,0.043508129,0.050355659,0.054912568,0.043678492,0.04076672,0.036608378,0.037599319,0.036675196,0.03020979,0.046696084,0.03951964,0.035674084,0.035341365,0.038139535,0.044583333,0.035739454,0.037941057,0.036802326,0.033916224,0.036698997,0.035666667,0.043210069,0.035657895,0.033829499,0.041536828,0.043558719,0.057731492,0.045785943,0.03938251,0.042554113,0.035108803,0.040615934,0.044174312,0.030354433,0.033474596,0.042532037,1.96200126
,0.035746548,0.025584473,0.044199333,0.037875061,0.033173429,0.041303879,0.032434545,0.032861825,0.038775196,0.037556098,0.0302267,0.026556276,0.032821922,0.050003521,0.047301547,0.057134633,0.031113272,0.036168071,0.03930193,0.036597658,0.032447552,0.038596883,0.051672169,0.044029786,0.037108434,0.041395349,0.043409091,0.038558341,0.041847673,0.035726744,0.036887822,0.036317568,0.045060606,0.039409327,0.040131579,0.036304829,0.046912988,0.042740214,0.052184741,0.043369579,0.042452416,0.042424242,0.040259239,0.045837983,0.039816514,0.050575841,0.035617352,0.031760937,1.899591717
,0.036133695,0.029848552,0.03864466,0.043449746,0.034636962,0.043966324,0.04720594,0.035708125,0.028235113,0.047397843,0.036867415,0.033742092,0.030837341,0.047679414,0.033714933,0.04231129,0.025279533,0.031198893,0.04199773,0.0329534,0.029300699,0.045858236,0.050906655,0.037665599,0.04253012,0.043023256,0.044810606,0.055303869,0.039128668,0.034244186,0.044202526,0.038469922,0.034939394,0.034113212,0.036447368,0.036172811,0.037701606,0.039039146,0.047128519,0.044452777,0.041092887,0.037186147,0.041246405,0.034144164,0.041972477,0.032407821,0.04628351,0.033141847,1.864723433
,0.031294361,0.024849287,0.034121568,0.029676996,0.027644524,0.045477441,0.033685033,0.044764533,0.033774427,0.040626722,0.04518739,0.034445052,0.034195863,0.028593563,0.029940873,0.031445636,0.018681853,0.03610517,0.034477866,0.032798325,0.027482517,0.034295928,0.039471796,0.042124859,0.03751004,0.040503876,0.044621212,0.046679419,0.046410601,0.036046512,0.040830905,0.042856364,0.040484848,0.035359357,0.032565789,0.039143206,0.040372564,0.03911032,0.042487359,0.040203308,0.044776774,0.041125541,0.029958367,0.035974113,0.046238532,0.041424873,0.036045903,0.036345559,1.772236928
,0.025616209,0.028157624,0.021583876,0.02762748,0.029433287,0.054184356,0.045173896,0.051578403,0.044929989,0.035194079,0.036943745,0.038116067,0.036867415,0.03317135,0.033400428,0.039720803,0.028057504,0.024845893,0.029653802,0.023571373,0.027762238,0.034854494,0.033299842,0.041172396,0.042610442,0.039728682,0.041818182,0.042115507,0.038534863,0.042790698,0.041516658,0.029751526,0.038848485,0.026418268,0.032368421,0.034291561,0.034037599,0.03455516,0.02879028,0.044494438,0.041663012,0.038225108,0.035881368,0.028609685,0.038990826,0.041826623,0.035998286,0.038223597,1.717005822
,0.024648342,0.026172622,0.025154737,0.025004099,0.032441662,0.037921854,0.034310277,0.031913058,0.023157409,0.028895363,0.042515838,0.028977583,0.040073277,0.026762448,0.021889546,0.021155645,0.03132162,0.026166813,0.03561294,0.034193999,0.030839161,0.026531866,0.027702024,0.03026236,0.031686747,0.032015504,0.037083333,0.044800161,0.040597556,0.040203488,0.033316189,0.033129904,0.036393939,0.033085143,0.034046053,0.035842767,0.041468342,0.030996441,0.036035016,0.03482898,0.040171915,0.042770563,0.030945534,0.03084133,0.032018349,0.04075529,0.03061759,0.03187141,1.569146087
,0.02490644,0.01889428,0.025075385,0.025987867,0.032604277,0.022306973,0.030480657,0.026824219,0.028773657,0.033304464,0.020685444,0.018355073,0.025570567,0.021057821,0.014341427,0.031949342,0.02840475,0.039816329,0.030150397,0.02186555,0.023566434,0.030888678,0.02932874,0.027361676,0.036345382,0.031124031,0.041893939,0.042753113,0.029690283,0.039302326,0.032973313,0.034955318,0.034666667,0.033053989,0.037894737,0.032839368,0.033181522,0.034163701,0.035619953,0.02941299,0.042583984,0.04004329,0.036739774,0.037848694,0.027752294,0.032229265,0.033141279,0.030103844,1.472813503
,0.027680991,0.025510954,0.014283447,0.020987047,0.015529718,0.015183133,0.020945682,0.025875453,0.022157255,0.019526022,0.019922143,0.032258065,0.022822685,0.012395239,0.025474903,0.020436065,0.029724286,0.028368348,0.033484677,0.022640924,0.027692308,0.030553539,0.038610593,0.04065287,0.040080321,0.029341085,0.032310606,0.039296621,0.030159077,0.031046512,0.040116578,0.034492153,0.035363636,0.033116296,0.030197368,0.036667877,0.027531418,0.027651246,0.030035469,0.021455651,0.03008508,0.042900433,0.036611013,0.026958268,0.026192661,0.03874654,0.036141136,0.02231551,1.371528905
,0.031294361,0.028157624,0.020710998,0.028611248,0.021058623,0.009714327,0.022352481,0.01543902,0.011617172,0.017793874,0.020074803,0.01937046,0.023662316,0.006127192,0.011888288,0.013959847,0.028960344,0.026984526,0.016600454,0.021632938,0.018111888,0.018991231,0.02693651,0.030478829,0.028514056,0.027596899,0.024734848,0.025806235,0.027158796,0.037848837,0.032373278,0.037761552,0.027454545,0.030405932,0.033881579,0.024918314,0.023216793,0.022740214,0.024828315,0.024746907,0.024734672,0.023376623,0.029443324,0.024414193,0.023394495,0.028702794,0.025522594,0.039494034,1.163599187
,0.02245451,0.025069843,0.024202508,0.014428595,0.010000813,0.008203209,0.024618992,0.009660169,0.014694568,0.012361231,0.023204336,0.019526673,0.026715518,0.007887879,0.015599446,0.015614881,0.024168345,0.025915209,0.01915437,0.015740095,0.025454545,0.020834497,0.02339601,0.02545675,0.026425703,0.029806202,0.027765152,0.027081446,0.026908773,0.033226744,0.029373107,0.029506321,0.03,0.031901305,0.031118421,0.026997591,0.029586001,0.022597865,0.022300204,0.029829605,0.024559249,0.034545455,0.025623417,0.028297255,0.023165138,0.026738684,0.025713061,0.030435263,1.127864953
,0.018324945,0.02992207,0.017774956,0.017379898,0.007398976,0.006476218,0.013130129,0.006727618,0.016233267,0.015589324,0.013892069,0.014137312,0.021677735,0.010352842,0.020757328,0.019644528,0.014862143,0.021197635,0.022417707,0.02186555,0.024685315,0.025694018,0.019855509,0.021040783,0.024016064,0.021434109,0.019280303,0.027215678,0.028252649,0.025261628,0.030716041,0.025283348,0.030393939,0.029689398,0.030723684,0.029439916,0.028010821,0.01797153,0.022187005,0.027621547,0.025129375,0.025714286,0.02317696,0.026422674,0.017201835,0.024640657,0.029236703,0.0310981,1.041156122
,0.016002065,0.025437436,0.016029202,0.009263814,0.007398976,0.010649781,0.018132083,0.015266517,0.017618095,0.020155893,0.018090222,0.021947981,0.011220518,0.010352842,0.019247704,0.014751385,0.032016112,0.026355516,0.017664586,0.007055904,0.012727273,0.017092107,0.021673604,0.021993246,0.026787149,0.022248062,0.019242424,0.022987349,0.02581492,0.027180233,0.023201326,0.025610288,0.033515152,0.023053678,0.032105263,0.020495726,0.022566175,0.017437722,0.021885141,0.025288506,0.022629594,0.016103896,0.019228293,0.021022093,0.020412844,0.018659048,0.022427503,0.022757402,0.960802646
,0.020454252,0.011615939,0.011744168,0.005574684,0.007398976,0.003310067,0.011332552,0.007676384,0.010155409,0.007873396,0.020532784,0.017574006,0.011296848,0.010352842,0.016354258,0.017197956,0.020001389,0.022833061,0.010499432,0.010545088,0.009440559,0.019549796,0.017702502,0.019049268,0.022369478,0.023255814,0.019772727,0.021108091,0.023002156,0.027296512,0.023487056,0.026727332,0.025818182,0.018224867,0.022335526,0.024522261,0.016984556,0.025622776,0.022866199,0.019872516,0.017366898,0.015151515,0.025022533,0.022985941,0.017477064,0.016650299,0.023236989,0.014803358,0.836026263
,0.017421603,0.012277606,0.007062371,0.015904247,0.005610212,0.012304814,0.007112153,0.007762636,0.011924912,0.008975671,0.025036257,0.029368117,0.007861995,0.012817804,0.010001258,0.008850831,0.024446142,0.012831803,0.014614075,0.006125456,0.009440559,0.013908284,0.017271901,0.016235172,0.022771084,0.013565891,0.014848485,0.018423437,0.021814545,0.020959302,0.024772844,0.024357018,0.024212121,0.020997539,0.022927632,0.025875441,0.024826216,0.020782918,0.019923025,0.018414365,0.010481537,0.014155844,0.020687583,0.022539612,0.014495413,0.016159271,0.016475406,0.016294741,0.78592715
,0.013227513,0.008307602,0.003650214,0.008280046,0.006504594,0.014823343,0.003595154,0.003967569,0.006847207,0.002676955,0.021754065,0.0186675,0.01526601,0.008028734,0.016417159,0.010433907,0.017779012,0.008554535,0.009719069,0.017600992,0.011188811,0.008881193,0.011387015,0.013291194,0.010401606,0.011395349,0.015037879,0.015503876,0.016282777,0.017325581,0.028258758,0.024901918,0.020333333,0.02436213,0.02375,0.018515463,0.017600931,0.021316726,0.015772395,0.013290005,0.012455048,0.010735931,0.013949097,0.016514171,0.008807339,0.01303455,0.018237227,0.009224481,0.657855966
,0.019099239,0.011615939,0.006348199,0.000901787,0.002683145,0.01316831,0.002657288,0.014145248,0.006693337,0.002676955,0.007861995,0.012340858,0.021448744,0.014437636,0.01138508,0.008203209,0.010209042,0.009875456,0.005675369,0.005272544,0.013496503,0.006367648,0.008085738,0.016191878,0.010361446,0.009651163,0.009848485,0.012080942,0.0154702,0.016831395,0.022915595,0.020569965,0.02030303,0.019876009,0.016611842,0.017327305,0.016231209,0.017651246,0.008037129,0.010415365,0.010437681,0.008311688,0.015322546,0.017942424,0.015,0.011561468,0.011713728,0.016791869,0.582104876
,0.008646277,0.007498897,0.000872877,0.001885555,0.004634523,0.004029647,0.005314576,0.007590133,0.014386829,0.004487836,0.007022365,0.010544404,0.010915197,0.007042749,0.006290099,0.007339714,0.010209042,0.002138634,0.010357548,0.005272544,0.007972028,0.005753226,0.006937467,0.012338731,0.01497992,0.012286822,0.009356061,0.009866103,0.011376067,0.01380814,0.020744043,0.016619442,0.020393939,0.013271441,0.016940789,0.014818971,0.017395473,0.01252669,0.011772696,0.009915427,0.009735988,0.010735931,0.015751749,0.010444097,0.012155963,0.007990358,0.010618542,0.012428193,0.485413742
,0.006581494,0.006543155,0.002697984,0.002787342,0.003658834,0.000791538,0.005314576,0.006555115,0.009462994,0.002676955,0.007022365,0.006170429,0.004961453,0.004014367,0.012517298,0.001583075,0.0094451,0.007925525,0.008087401,0.000852912,0.004755245,0.00698207,0.002679298,0.011559442,0.011807229,0.00748062,0.012424242,0.011074197,0.009125856,0.01505814,0.020115435,0.02059721,0.019848485,0.0189414,0.01875,0.016139147,0.017292744,0.011209964,0.009697381,0.007624047,0.008376458,0.012813853,0.014936263,0.013702299,0.011880734,0.008079636,0.01123756,0.015521432,0.459360299
,0.009356046,0.004999265,0.005475321,0.002787342,0.002764452,0,0.003282532,0.001897533,0.005231574,0.006298717,0.006106404,0.007029602,0.004274483,0.006338475,0.010315763,0.003957689,0.004653101,0.002138634,0.010499432,0.003489184,0.004755245,0.002569402,0.005980575,0.006364187,0.006827309,0.007868217,0.007727273,0.012919897,0.009907179,0.013430233,0.018172467,0.014058413,0.013606061,0.014268357,0.013651316,0.009934321,0.014964216,0.014377224,0.011470832,0.006624172,0.006402947,0.008225108,0.012403966,0.010399464,0.015504587,0.008972413,0.014951669,0.011047282,0.398279882
,0.004323138,0.00419056,0.003650214,0.002787342,0.001788763,0,0.000859711,0.000948767,0.003462071,0.001810881,0.004350813,0.003592908,0,0,0.010567367,0.002446571,0.002361275,0.004340169,0.005675369,0.005272544,0.004755245,0.005082947,0.003301277,0.007403238,0.007710843,0.008333333,0.013636364,0.01010101,0.007625715,0.010232558,0.012457855,0.012859634,0.014060606,0.011713761,0.010690789,0.006567874,0.006985584,0.01252669,0.008452192,0.005624297,0.006929217,0.005324675,0.012275205,0.00740906,0.008669725,0.009418802,0.008999571,0.006628369,0.308204901
,0.006387921,0.004117042,0.000872877,0.000901787,0.000894382,0,0,0.000948767,0,0.000866074,0.002595222,0,0.000839631,0,0.002012832,0.001655033,0.000763942,0.002893446,0.003263337,0.00178336,0.006363636,0.007037927,0.003827568,0.008702052,0.007309237,0.005620155,0.010681818,0.007047216,0.007375691,0.014127907,0.015372307,0.01097973,0.010212121,0.015296427,0.011546053,0.008053071,0.006506181,0.009608541,0.00641461,0.008373953,0.003376897,0.002424242,0.011030516,0.004998884,0.005642202,0.00553522,0.006999667,0.009114008,0.26037349
,0,0.004117042,0.004523092,0,0.000894382,0,0,0.000948767,0,0,0.004350813,0,0.000839631,0,0.000691911,0.002446571,0.001597333,0.002138634,0.006455732,0.005272544,0.003916084,0.005753226,0.002200852,0.006364187,0.004056225,0.008410853,0.01030303,0.006074029,0.00693815,0.014127907,0.013457912,0.011824324,0.009212121,0.010062619,0.012894737,0.009274233,0.006574667,0.013701068,0.007622066,0.006999125,0.006929217,0.003809524,0.006223443,0.003436733,0.011376147,0.004017498,0.007571068,0.008064516,0.255472012
,0.001419538,0,0.000872877,0.001803574,0,0,0.000859711,0,0,0.002676955,0.000839631,0,0,0,0.000691911,0.000791538,0.003194666,0.000691911,0,0.003489184,0.000769231,0.001899123,0.002200852,0.005325136,0.005381526,0.005736434,0.005606061,0.003792074,0.014907648,0.011918605,0.010886336,0.012423714,0.005060606,0.006293031,0.00625,0.010660418,0.007670445,0.009252669,0.007508867,0.004707745,0.002982195,0.004891775,0.00145929,0.003481366,0.009266055,0.00553522,0.002142755,0.00370084,0.18904151
,0.003613369,0,0,0,0.000894382,0,0,0.000948767,0,0,0,0,0.000839631,0,0.001320921,0.000791538,0.001597333,0,0.000780363,0.007055904,0.002307692,0.000614422,0.005358595,0.007792883,0.003654618,0.005155039,0.00469697,0.004194772,0.012032378,0.012238372,0.008514772,0.0095085,0.008,0.009377239,0.007796053,0.007888049,0.007601959,0.008825623,0.006754207,0.001916427,0.005964389,0.003376623,0.001974334,0.002053113,0.006559633,0.005981609,0.002142755,0.002485639,0.182608873
,0.000709769,0,0.001666402,0.000901787,0.000894382,0,0,0.000948767,0,0,0,0,0,0.000774702,0.002704743,0,0,0,0,0.00178336,0.000769231,0.003854103,0.003301277,0.004372673,0.002730924,0.003449612,0.006818182,0.003825632,0.00746945,0.008837209,0.006057489,0.005830427,0.006151515,0.006230724,0.004736842,0.003993531,0.004896757,0.01,0.004188363,0.00458276,0.002982195,0.004285714,0.002446457,0.005043517,0.006238532,0.000937416,0.001618971,0.001270437,0.137303854
,0.000709769,0,0,0.000901787,0.000894382,0,0.000859711,0.000948767,0,0,0,0,0,0.00450736,0.001320921,0,0,0,0.001631669,0,0.002377622,0.001284701,0.002200852,0.002424452,0.003172691,0.006085271,0.003901515,0.003758515,0.00565678,0.007209302,0.006086062,0.007356146,0.006757576,0.006822642,0.005526316,0.003696492,0.007773174,0.005551601,0.002490378,0.002374703,0.003420753,0.001471861,0.005322117,0.004998884,0.003165138,0.001919471,0.002714156,0.002485639,0.129779177
,0.000709769,0,0,0.000901787,0.000894382,0,0.002657288,0.000948767,0,0,0,0,0,0,0,0,0,0,0,0,0.000769231,0.001899123,0.002727142,0.002424452,0.002690763,0.003914729,0.002992424,0.003355817,0.003937869,0.007819767,0.0062575,0.004931343,0.003757576,0.003769588,0.002565789,0.002211294,0.00448584,0.003558719,0.0037733,0.000916552,0.000964828,0,0.0029615,0.002410176,0.00412844,0.001919471,0.00266654,0.001159965,0.091081733
,0,0,0.000872877,0.000901787,0,0,0.000859711,0,0,0,0,0,0,0,0,0,0,0,0,0,0.001608392,0.002513545,0.002631453,0.004415967,0.002248996,0.003527132,0.002954545,0.002684654,0.006281839,0.004622093,0.004657409,0.005857672,0.003242424,0.003520359,0.003651316,0.00217829,0.003732493,0.000782918,0.002075315,0,0.001008683,0,0.000987167,0.003035037,0.002614679,0,0.001095186,0.000607601,0.07516954
,0,0,0,0,0,0,0.000859711,0,0,0,0,0,0,0,0,0,0,0,0,0,0,0.000614422,0.000526291,0.004329379,0.002248996,0.002209302,0.002575758,0.002281956,0.003906616,0.003662791,0.002885879,0.004631648,0.001666667,0.001401913,0.002236842,0.003201426,0.002294285,0.001921708,0.001735718,0,0.000964828,0.001385281,0,0.003570632,0.001559633,0.001026694,0,0,0.053698374
,0.000709769,0,0,0,0,0.000791538,0.000859711,0,0,0,0,0,0,0,0,0,0,0,0,0,0,0,0.002727142,0.003376916,0.002208835,0.002170543,0.00125,0.0018457,0.002375223,0.002645349,0.003228756,0.001825414,0.001030303,0.00034269,0.001480263,0.002838378,0.001095778,0.001530249,0,0.000458276,0.001447241,0.000909091,0.000472123,0.000981924,0.000504587,0,0,0,0.039105798
,0,0,0,0,0,0.001655033,0.000859711,0,0,0,0,0,0,0,0,0,0,0,0,0,0,0,0.001626716,0.002467746,0.000923695,0,0.001287879,0,0.00234397,0.001656977,0.000971484,0.001552964,0.00169697,0.001682295,0.002171053,0.002937391,0.000753347,0,0.000415063,0.000958214,0,0.000909091,0,0.002544075,0.000504587,0,0,0,0.029918261
,0,0,0,0,0,0,0,0,0,0,0,0,0,0,0,0,0,0,0,0,0,0.000614422,0.001626716,0.000476232,0.000441767,0.003410853,0.000416667,0.0018457,0.003062787,0,0.000628607,0.000299695,0.000666667,0,0.001085526,0.002211294,0.000719104,0.001637011,0,0,0.000964828,0,0,0.00200848,0.001055046,0,0.000523785,0.000607601,0.024302786
,0,0,0,0,0,0,0,0,0,0,0,0,0,0,0,0,0,0,0,0,0.000769231,0,0,0.000476232,0.000441767,0.001317829,0,0.001543676,0.003719099,0.00127907,0.000942911,0.001253269,0,0,0.000361842,0.001485198,0.001130021,0.000391459,0.000867859,0.000458276,0,0.00047619,0,0,0.000504587,0,0,0,0.017418516
,0,0,0,0,0,0,0,0,0,0,0,0,0,0,0,0,0,0,0,0,0,0.000614422,0,0,0,0.000852713,0.001287879,0.000771838,0.000343782,0.000639535,0.000314304,0.001498474,0.000666667,0,0.000690789,0.001815241,0.001164264,0,0.000415063,0,0.000482414,0,0,0.000490962,0.000504587,0,0,0.000607601,0.013160535
,0,0,0,0,0,0,0,0,0,0,0,0,0,0,0,0,0,0,0,0,0,0.000614422,0,0.000476232,0.000923695,0.000426357,0.000795455,0,0,0.000319767,0,0,0.000333333,0.00034269,0.002203947,0,0.001472451,0,0,0,0,0,0,0.000490962,0,0,0,0,0.008399311
,0,0,0,0,0,0,0,0,0,0,0,0,0,0,0,0,0,0,0,0,0.000769231,0.000614422,0,0,0,0,0.000871212,0.00036914,0,0.000319767,0,0.000299695,0.000666667,0.002398829,0.001118421,0,0,0.000391459,0,0.000458276,0.000482414,0,0,0,0,0,0,0,0.008759533
,0,0,0,0,0,0,0,0,0,0,0,0,0,0,0,0,0,0,0,0,0.000769231,0.000614422,0,0,0.000923695,0.000426357,0,0.00036914,0.000343782,0,0,0,0.000333333,0.000654226,0.000723684,0.000363048,0,0.000391459,0.000415063,0,0,0.00047619,0,0,0,0,0,0,0.006803631
,0,0,0,0,0,0,0,0,0,0,0,0,0,0,0,0,0,0,0,0,0,0,0,0,0.000441767,0.000426357,0,0.00036914,0.000343782,0,0,0,0,0.00034269,0.000361842,0.000759101,0,0,0,0,0,0,0,0,0,0,0,0,0.003044679
,0,0,0,0,0,0,0,0,0,0,0,0,0,0,0,0,0,0,0,0,0,0,0,0,0,0,0,0,0.000343782,0,0,0,0.000333333,0,0,0,0,0,0,0,0,0,0,0,0,0,0,0,0.000677116
,0,0,0,0,0,0,0,0,0,0,0,0,0,0,0,0,0,0,0,0,0,0,0,0,0,0,0,0,0.000343782,0,0.000314304,0.000626635,0,0,0,0,0,0,0,0,0,0.000995671,0,0,0,0,0,0,0.002280392
,0,0,0,0,0,0,0,0,0,0,0,0,0,0,0,0,0,0,0,0,0,0,0,0,0,0,0,0,0,0,0,0,0,0,0,0,0,0,0,0,0,0,0,0,0,0,0,0,0
,,,,,,,,,,,,,,,,,,,,,,,,,,,,,,,,,,,,,,,,,,,,,,,,,48
